{"copy": 0.36737971589833235, "create raster tile index": 0.5326772141611444}