{"copy": 0.3635946181597961, "create raster tile index": 0.4532969189128931}