{"create raster tile index": 0.5326772141611444, "copy": 0.5843379643124537}