{"create raster tile index": 0.3887193838832005, "copy": 0.37223204602435817}