{"create raster tile index": 0.3887193838832005, "copy": 0.3635946181597961}